--------------------------------------------------------
-- Archivo creado  - jueves-abril-27-2017   
--------------------------------------------------------
--------------------------------------------------------
--  DDL for Table CLIENTE
--------------------------------------------------------

  CREATE TABLE "ABD0307"."CLIENTE" 
   (	"DNI" CHAR(8 BYTE), 
	"NOMBREC" CHAR(30 BYTE), 
	"DIRECCION" VARCHAR2(50 BYTE), 
	"TELEFONO" CHAR(12 BYTE)
   ) SEGMENT CREATION IMMEDIATE 
  PCTFREE 10 PCTUSED 40 INITRANS 1 MAXTRANS 255 NOCOMPRESS LOGGING
  STORAGE(INITIAL 65536 NEXT 1048576 MINEXTENTS 1 MAXEXTENTS 2147483645
  PCTINCREASE 0 FREELISTS 1 FREELIST GROUPS 1 BUFFER_POOL DEFAULT FLASH_CACHE DEFAULT CELL_FLASH_CACHE DEFAULT)
  TABLESPACE "ESPABD0307" ;
--------------------------------------------------------
--  DDL for Table COMPRAS
--------------------------------------------------------

  CREATE TABLE "ABD0307"."COMPRAS" 
   (	"DNI" CHAR(8 BYTE), 
	"NUMT" NUMBER(*,0), 
	"NUMF" NUMBER(*,0), 
	"FECHA" NUMBER(*,0), 
	"TIENDA" CHAR(20 BYTE), 
	"IMPORTE" NUMBER(*,0)
   ) SEGMENT CREATION IMMEDIATE 
  PCTFREE 10 PCTUSED 40 INITRANS 1 MAXTRANS 255 NOCOMPRESS LOGGING
  STORAGE(INITIAL 65536 NEXT 1048576 MINEXTENTS 1 MAXEXTENTS 2147483645
  PCTINCREASE 0 FREELISTS 1 FREELIST GROUPS 1 BUFFER_POOL DEFAULT FLASH_CACHE DEFAULT CELL_FLASH_CACHE DEFAULT)
  TABLESPACE "ESPABD0307" ;
--------------------------------------------------------
--  DDL for Table EMPRESA
--------------------------------------------------------

  CREATE TABLE "ABD0307"."EMPRESA" 
   (	"NOMBREE" CHAR(20 BYTE), 
	"COTIZACION" NUMBER(*,0) DEFAULT 99, 
	"CAPITAL" FLOAT(126)
   ) SEGMENT CREATION IMMEDIATE 
  PCTFREE 10 PCTUSED 40 INITRANS 1 MAXTRANS 255 NOCOMPRESS LOGGING
  STORAGE(INITIAL 65536 NEXT 1048576 MINEXTENTS 1 MAXEXTENTS 2147483645
  PCTINCREASE 0 FREELISTS 1 FREELIST GROUPS 1 BUFFER_POOL DEFAULT FLASH_CACHE DEFAULT CELL_FLASH_CACHE DEFAULT)
  TABLESPACE "ESPABD0307" ;
--------------------------------------------------------
--  DDL for Table INVIERTE
--------------------------------------------------------

  CREATE TABLE "ABD0307"."INVIERTE" 
   (	"DNI" CHAR(8 BYTE), 
	"NOMBREE" CHAR(20 BYTE), 
	"CANTIDAD" FLOAT(126), 
	"TIPO" CHAR(10 BYTE)
   ) SEGMENT CREATION IMMEDIATE 
  PCTFREE 10 PCTUSED 40 INITRANS 1 MAXTRANS 255 NOCOMPRESS LOGGING
  STORAGE(INITIAL 65536 NEXT 1048576 MINEXTENTS 1 MAXEXTENTS 2147483645
  PCTINCREASE 0 FREELISTS 1 FREELIST GROUPS 1 BUFFER_POOL DEFAULT FLASH_CACHE DEFAULT CELL_FLASH_CACHE DEFAULT)
  TABLESPACE "ESPABD0307" ;
--------------------------------------------------------
--  DDL for Table MOROSO
--------------------------------------------------------

  CREATE TABLE "ABD0307"."MOROSO" 
   (	"DNI" CHAR(8 BYTE), 
	"NOMBREC" CHAR(30 BYTE), 
	"DIRECCION" VARCHAR2(50 BYTE), 
	"TELEFONO" CHAR(12 BYTE)
   ) SEGMENT CREATION IMMEDIATE 
  PCTFREE 10 PCTUSED 40 INITRANS 1 MAXTRANS 255 NOCOMPRESS LOGGING
  STORAGE(INITIAL 65536 NEXT 1048576 MINEXTENTS 1 MAXEXTENTS 2147483645
  PCTINCREASE 0 FREELISTS 1 FREELIST GROUPS 1 BUFFER_POOL DEFAULT FLASH_CACHE DEFAULT CELL_FLASH_CACHE DEFAULT)
  TABLESPACE "ESPABD0307" ;
--------------------------------------------------------
--  DDL for Table PUESTO
--------------------------------------------------------

  CREATE TABLE "ABD0307"."PUESTO" 
   (	"DNI" CHAR(8 BYTE), 
	"TITULO" VARCHAR2(30 BYTE), 
	"SUELDO" FLOAT(126)
   ) SEGMENT CREATION IMMEDIATE 
  PCTFREE 10 PCTUSED 40 INITRANS 1 MAXTRANS 255 NOCOMPRESS LOGGING
  STORAGE(INITIAL 65536 NEXT 1048576 MINEXTENTS 1 MAXEXTENTS 2147483645
  PCTINCREASE 0 FREELISTS 1 FREELIST GROUPS 1 BUFFER_POOL DEFAULT FLASH_CACHE DEFAULT CELL_FLASH_CACHE DEFAULT)
  TABLESPACE "ESPABD0307" ;
--------------------------------------------------------
--  DDL for Table TARJETA
--------------------------------------------------------

  CREATE TABLE "ABD0307"."TARJETA" 
   (	"NUMT" NUMBER(*,0), 
	"TIPOT" CHAR(10 BYTE), 
	"ORGANIZACION" CHAR(20 BYTE)
   ) SEGMENT CREATION IMMEDIATE 
  PCTFREE 10 PCTUSED 40 INITRANS 1 MAXTRANS 255 NOCOMPRESS LOGGING
  STORAGE(INITIAL 65536 NEXT 1048576 MINEXTENTS 1 MAXEXTENTS 2147483645
  PCTINCREASE 0 FREELISTS 1 FREELIST GROUPS 1 BUFFER_POOL DEFAULT FLASH_CACHE DEFAULT CELL_FLASH_CACHE DEFAULT)
  TABLESPACE "ESPABD0307" ;
--------------------------------------------------------
--  DDL for Table TIENET
--------------------------------------------------------

  CREATE TABLE "ABD0307"."TIENET" 
   (	"DNI" CHAR(8 BYTE), 
	"NUMT" NUMBER(*,0), 
	"CADUCIDAD" NUMBER(*,0), 
	"SALDO" FLOAT(126)
   ) SEGMENT CREATION IMMEDIATE 
  PCTFREE 10 PCTUSED 40 INITRANS 1 MAXTRANS 255 NOCOMPRESS LOGGING
  STORAGE(INITIAL 65536 NEXT 1048576 MINEXTENTS 1 MAXEXTENTS 2147483645
  PCTINCREASE 0 FREELISTS 1 FREELIST GROUPS 1 BUFFER_POOL DEFAULT FLASH_CACHE DEFAULT CELL_FLASH_CACHE DEFAULT)
  TABLESPACE "ESPABD0307" ;
REM INSERTING into ABD0307.CLIENTE
SET DEFINE OFF;
Insert into ABD0307.CLIENTE (DNI,NOMBREC,DIRECCION,TELEFONO) values ('00000001','Client A                      ','direc 11','911111111111');
Insert into ABD0307.CLIENTE (DNI,NOMBREC,DIRECCION,TELEFONO) values ('00000003','Client B                      ','direc 13','911111111113');
Insert into ABD0307.CLIENTE (DNI,NOMBREC,DIRECCION,TELEFONO) values ('00000002','Client C                      ','direc 12','911111111112');
Insert into ABD0307.CLIENTE (DNI,NOMBREC,DIRECCION,TELEFONO) values ('00000005','Client A                      ','direc 15','911111111115');
Insert into ABD0307.CLIENTE (DNI,NOMBREC,DIRECCION,TELEFONO) values ('00000004','Client A                      ','direc 14','911111111114');
Insert into ABD0307.CLIENTE (DNI,NOMBREC,DIRECCION,TELEFONO) values ('00000006','Client D                      ','direc 12','911111111116');
REM INSERTING into ABD0307.COMPRAS
SET DEFINE OFF;
Insert into ABD0307.COMPRAS (DNI,NUMT,NUMF,FECHA,TIENDA,IMPORTE) values ('00000005','50000400','1','501','tienda1             ','50');
Insert into ABD0307.COMPRAS (DNI,NUMT,NUMF,FECHA,TIENDA,IMPORTE) values ('00000005','50000030','1','501','tienda1             ','5');
Insert into ABD0307.COMPRAS (DNI,NUMT,NUMF,FECHA,TIENDA,IMPORTE) values ('00000005','50000400','2','502','tienda1             ','500');
Insert into ABD0307.COMPRAS (DNI,NUMT,NUMF,FECHA,TIENDA,IMPORTE) values ('00000005','50000400','3','501','tienda2             ','5000');
Insert into ABD0307.COMPRAS (DNI,NUMT,NUMF,FECHA,TIENDA,IMPORTE) values ('00000005','50000003','1','501','tienda8             ','50000');
Insert into ABD0307.COMPRAS (DNI,NUMT,NUMF,FECHA,TIENDA,IMPORTE) values ('00000003','30000002','1','501','tienda7             ','3');
Insert into ABD0307.COMPRAS (DNI,NUMT,NUMF,FECHA,TIENDA,IMPORTE) values ('00000003','30000300','1','501','tienda7             ','30');
Insert into ABD0307.COMPRAS (DNI,NUMT,NUMF,FECHA,TIENDA,IMPORTE) values ('00000003','30000020','1','501','tienda7             ','300');
Insert into ABD0307.COMPRAS (DNI,NUMT,NUMF,FECHA,TIENDA,IMPORTE) values ('00000003','30000020','2','501','tienda7             ','3000');
Insert into ABD0307.COMPRAS (DNI,NUMT,NUMF,FECHA,TIENDA,IMPORTE) values ('00000003','30000020','3','501','tienda8             ','30000');
Insert into ABD0307.COMPRAS (DNI,NUMT,NUMF,FECHA,TIENDA,IMPORTE) values ('00000004','40000200','1','501','tienda7             ','4');
REM INSERTING into ABD0307.EMPRESA
SET DEFINE OFF;
Insert into ABD0307.EMPRESA (NOMBREE,COTIZACION,CAPITAL) values ('Empresa 11          ','111111','110000');
Insert into ABD0307.EMPRESA (NOMBREE,COTIZACION,CAPITAL) values ('Empresa 22          ','222222','220000');
Insert into ABD0307.EMPRESA (NOMBREE,COTIZACION,CAPITAL) values ('Empresa 33          ','333333','330000');
Insert into ABD0307.EMPRESA (NOMBREE,COTIZACION,CAPITAL) values ('Empresa 44          ','444444','440000');
Insert into ABD0307.EMPRESA (NOMBREE,COTIZACION,CAPITAL) values ('Empresa 55          ','555555','550000');
REM INSERTING into ABD0307.INVIERTE
SET DEFINE OFF;
Insert into ABD0307.INVIERTE (DNI,NOMBREE,CANTIDAD,TIPO) values ('00000002','Empresa 55          ','210000','bono1     ');
Insert into ABD0307.INVIERTE (DNI,NOMBREE,CANTIDAD,TIPO) values ('00000002','Empresa 55          ','220000','bono2     ');
Insert into ABD0307.INVIERTE (DNI,NOMBREE,CANTIDAD,TIPO) values ('00000002','Empresa 55          ','230000','bono3     ');
Insert into ABD0307.INVIERTE (DNI,NOMBREE,CANTIDAD,TIPO) values ('00000002','Empresa 44          ','240000','bono4     ');
Insert into ABD0307.INVIERTE (DNI,NOMBREE,CANTIDAD,TIPO) values ('00000003','Empresa 55          ','310000','bono1     ');
Insert into ABD0307.INVIERTE (DNI,NOMBREE,CANTIDAD,TIPO) values ('00000003','Empresa 33          ','320000','bono2     ');
Insert into ABD0307.INVIERTE (DNI,NOMBREE,CANTIDAD,TIPO) values ('00000004','Empresa 22          ','410000','bono1     ');
Insert into ABD0307.INVIERTE (DNI,NOMBREE,CANTIDAD,TIPO) values ('00000004','Empresa 22          ','420000','bono2     ');
REM INSERTING into ABD0307.MOROSO
SET DEFINE OFF;
Insert into ABD0307.MOROSO (DNI,NOMBREC,DIRECCION,TELEFONO) values ('00000003','Client B                      ','direc 13','911111111113');
Insert into ABD0307.MOROSO (DNI,NOMBREC,DIRECCION,TELEFONO) values ('00000007','Client E                      ','direc 17','911111111117');
Insert into ABD0307.MOROSO (DNI,NOMBREC,DIRECCION,TELEFONO) values ('00000005','Client A                      ','direc 15','911111111115');
Insert into ABD0307.MOROSO (DNI,NOMBREC,DIRECCION,TELEFONO) values ('00000006','Client D                      ','direc 16','911111111116');
REM INSERTING into ABD0307.PUESTO
SET DEFINE OFF;
Insert into ABD0307.PUESTO (DNI,TITULO,SUELDO) values ('00000001','cajera','30');
Insert into ABD0307.PUESTO (DNI,TITULO,SUELDO) values ('00000002','estudiante','30');
Insert into ABD0307.PUESTO (DNI,TITULO,SUELDO) values ('00000003','Presidente','30');
Insert into ABD0307.PUESTO (DNI,TITULO,SUELDO) values ('00000004','VicePresidente','30');
Insert into ABD0307.PUESTO (DNI,TITULO,SUELDO) values ('00000005','Presidente','30');
Insert into ABD0307.PUESTO (DNI,TITULO,SUELDO) values ('00000006','Parado','0');
REM INSERTING into ABD0307.TARJETA
SET DEFINE OFF;
Insert into ABD0307.TARJETA (NUMT,TIPOT,ORGANIZACION) values ('10000001','PISA      ','MASTERUIN           ');
Insert into ABD0307.TARJETA (NUMT,TIPOT,ORGANIZACION) values ('30000002','PISA      ','MASTERUIN           ');
Insert into ABD0307.TARJETA (NUMT,TIPOT,ORGANIZACION) values ('50000003','PISA      ','MASTERUIN           ');
Insert into ABD0307.TARJETA (NUMT,TIPOT,ORGANIZACION) values ('10','COSA      ','MENOSRUIN           ');
Insert into ABD0307.TARJETA (NUMT,TIPOT,ORGANIZACION) values ('30000020','COSA      ','MENOSRUIN           ');
Insert into ABD0307.TARJETA (NUMT,TIPOT,ORGANIZACION) values ('50000030','COSA      ','MENOSRUIN           ');
Insert into ABD0307.TARJETA (NUMT,TIPOT,ORGANIZACION) values ('100','VXK       ','MENOSRUIN           ');
Insert into ABD0307.TARJETA (NUMT,TIPOT,ORGANIZACION) values ('40000200','VXK       ','MENOSRUIN           ');
Insert into ABD0307.TARJETA (NUMT,TIPOT,ORGANIZACION) values ('30000300','VXK       ','MENOSRUIN           ');
Insert into ABD0307.TARJETA (NUMT,TIPOT,ORGANIZACION) values ('50000400','VXK       ','MENOSRUIN           ');
REM INSERTING into ABD0307.TIENET
SET DEFINE OFF;
Insert into ABD0307.TIENET (DNI,NUMT,CADUCIDAD,SALDO) values ('00000001','10000001','901','30');
Insert into ABD0307.TIENET (DNI,NUMT,CADUCIDAD,SALDO) values ('00000003','30000002','901','30');
Insert into ABD0307.TIENET (DNI,NUMT,CADUCIDAD,SALDO) values ('00000003','30000020','901','300');
Insert into ABD0307.TIENET (DNI,NUMT,CADUCIDAD,SALDO) values ('00000003','30000300','901','3000');
Insert into ABD0307.TIENET (DNI,NUMT,CADUCIDAD,SALDO) values ('00000004','40000200','901','40');
Insert into ABD0307.TIENET (DNI,NUMT,CADUCIDAD,SALDO) values ('00000005','50000003','901','50');
Insert into ABD0307.TIENET (DNI,NUMT,CADUCIDAD,SALDO) values ('00000005','50000030','901','500');
Insert into ABD0307.TIENET (DNI,NUMT,CADUCIDAD,SALDO) values ('00000005','50000400','901','50000');
--------------------------------------------------------
--  DDL for Index SYS_C0027727
--------------------------------------------------------

  CREATE UNIQUE INDEX "ABD0307"."SYS_C0027727" ON "ABD0307"."CLIENTE" ("DNI") 
  PCTFREE 10 INITRANS 2 MAXTRANS 255 COMPUTE STATISTICS 
  STORAGE(INITIAL 65536 NEXT 1048576 MINEXTENTS 1 MAXEXTENTS 2147483645
  PCTINCREASE 0 FREELISTS 1 FREELIST GROUPS 1 BUFFER_POOL DEFAULT FLASH_CACHE DEFAULT CELL_FLASH_CACHE DEFAULT)
  TABLESPACE "ESPABD0307" ;
--------------------------------------------------------
--  DDL for Index SYS_C0027740
--------------------------------------------------------

  CREATE UNIQUE INDEX "ABD0307"."SYS_C0027740" ON "ABD0307"."COMPRAS" ("DNI", "NUMT", "NUMF") 
  PCTFREE 10 INITRANS 2 MAXTRANS 255 COMPUTE STATISTICS 
  STORAGE(INITIAL 65536 NEXT 1048576 MINEXTENTS 1 MAXEXTENTS 2147483645
  PCTINCREASE 0 FREELISTS 1 FREELIST GROUPS 1 BUFFER_POOL DEFAULT FLASH_CACHE DEFAULT CELL_FLASH_CACHE DEFAULT)
  TABLESPACE "ESPABD0307" ;
--------------------------------------------------------
--  DDL for Index SYS_C0027725
--------------------------------------------------------

  CREATE UNIQUE INDEX "ABD0307"."SYS_C0027725" ON "ABD0307"."EMPRESA" ("NOMBREE") 
  PCTFREE 10 INITRANS 2 MAXTRANS 255 COMPUTE STATISTICS 
  STORAGE(INITIAL 65536 NEXT 1048576 MINEXTENTS 1 MAXEXTENTS 2147483645
  PCTINCREASE 0 FREELISTS 1 FREELIST GROUPS 1 BUFFER_POOL DEFAULT FLASH_CACHE DEFAULT CELL_FLASH_CACHE DEFAULT)
  TABLESPACE "ESPABD0307" ;
--------------------------------------------------------
--  DDL for Index CLAVE_INVIRTE_PRIM
--------------------------------------------------------

  CREATE UNIQUE INDEX "ABD0307"."CLAVE_INVIRTE_PRIM" ON "ABD0307"."INVIERTE" ("DNI", "NOMBREE", "TIPO") 
  PCTFREE 10 INITRANS 2 MAXTRANS 255 COMPUTE STATISTICS 
  STORAGE(INITIAL 65536 NEXT 1048576 MINEXTENTS 1 MAXEXTENTS 2147483645
  PCTINCREASE 0 FREELISTS 1 FREELIST GROUPS 1 BUFFER_POOL DEFAULT FLASH_CACHE DEFAULT CELL_FLASH_CACHE DEFAULT)
  TABLESPACE "ESPABD0307" ;
--------------------------------------------------------
--  DDL for Index SYS_C0027729
--------------------------------------------------------

  CREATE UNIQUE INDEX "ABD0307"."SYS_C0027729" ON "ABD0307"."MOROSO" ("DNI") 
  PCTFREE 10 INITRANS 2 MAXTRANS 255 COMPUTE STATISTICS 
  STORAGE(INITIAL 65536 NEXT 1048576 MINEXTENTS 1 MAXEXTENTS 2147483645
  PCTINCREASE 0 FREELISTS 1 FREELIST GROUPS 1 BUFFER_POOL DEFAULT FLASH_CACHE DEFAULT CELL_FLASH_CACHE DEFAULT)
  TABLESPACE "ESPABD0307" ;
--------------------------------------------------------
--  DDL for Index SYS_C0027744
--------------------------------------------------------

  CREATE UNIQUE INDEX "ABD0307"."SYS_C0027744" ON "ABD0307"."PUESTO" ("DNI") 
  PCTFREE 10 INITRANS 2 MAXTRANS 255 COMPUTE STATISTICS 
  STORAGE(INITIAL 65536 NEXT 1048576 MINEXTENTS 1 MAXEXTENTS 2147483645
  PCTINCREASE 0 FREELISTS 1 FREELIST GROUPS 1 BUFFER_POOL DEFAULT FLASH_CACHE DEFAULT CELL_FLASH_CACHE DEFAULT)
  TABLESPACE "ESPABD0307" ;
--------------------------------------------------------
--  DDL for Index SYS_C0027738
--------------------------------------------------------

  CREATE UNIQUE INDEX "ABD0307"."SYS_C0027738" ON "ABD0307"."TARJETA" ("NUMT") 
  PCTFREE 10 INITRANS 2 MAXTRANS 255 COMPUTE STATISTICS 
  STORAGE(INITIAL 65536 NEXT 1048576 MINEXTENTS 1 MAXEXTENTS 2147483645
  PCTINCREASE 0 FREELISTS 1 FREELIST GROUPS 1 BUFFER_POOL DEFAULT FLASH_CACHE DEFAULT CELL_FLASH_CACHE DEFAULT)
  TABLESPACE "ESPABD0307" ;
--------------------------------------------------------
--  DDL for Index SYS_C0027748
--------------------------------------------------------

  CREATE UNIQUE INDEX "ABD0307"."SYS_C0027748" ON "ABD0307"."TIENET" ("DNI", "NUMT") 
  PCTFREE 10 INITRANS 2 MAXTRANS 255 COMPUTE STATISTICS 
  STORAGE(INITIAL 65536 NEXT 1048576 MINEXTENTS 1 MAXEXTENTS 2147483645
  PCTINCREASE 0 FREELISTS 1 FREELIST GROUPS 1 BUFFER_POOL DEFAULT FLASH_CACHE DEFAULT CELL_FLASH_CACHE DEFAULT)
  TABLESPACE "ESPABD0307" ;
--------------------------------------------------------
--  Constraints for Table CLIENTE
--------------------------------------------------------

  ALTER TABLE "ABD0307"."CLIENTE" MODIFY ("DNI" NOT NULL ENABLE);
 
  ALTER TABLE "ABD0307"."CLIENTE" ADD PRIMARY KEY ("DNI")
  USING INDEX PCTFREE 10 INITRANS 2 MAXTRANS 255 COMPUTE STATISTICS 
  STORAGE(INITIAL 65536 NEXT 1048576 MINEXTENTS 1 MAXEXTENTS 2147483645
  PCTINCREASE 0 FREELISTS 1 FREELIST GROUPS 1 BUFFER_POOL DEFAULT FLASH_CACHE DEFAULT CELL_FLASH_CACHE DEFAULT)
  TABLESPACE "ESPABD0307"  ENABLE;
--------------------------------------------------------
--  Constraints for Table COMPRAS
--------------------------------------------------------

  ALTER TABLE "ABD0307"."COMPRAS" MODIFY ("DNI" NOT NULL ENABLE);
 
  ALTER TABLE "ABD0307"."COMPRAS" ADD PRIMARY KEY ("DNI", "NUMT", "NUMF")
  USING INDEX PCTFREE 10 INITRANS 2 MAXTRANS 255 COMPUTE STATISTICS 
  STORAGE(INITIAL 65536 NEXT 1048576 MINEXTENTS 1 MAXEXTENTS 2147483645
  PCTINCREASE 0 FREELISTS 1 FREELIST GROUPS 1 BUFFER_POOL DEFAULT FLASH_CACHE DEFAULT CELL_FLASH_CACHE DEFAULT)
  TABLESPACE "ESPABD0307"  ENABLE;
--------------------------------------------------------
--  Constraints for Table EMPRESA
--------------------------------------------------------

  ALTER TABLE "ABD0307"."EMPRESA" MODIFY ("NOMBREE" NOT NULL ENABLE);
 
  ALTER TABLE "ABD0307"."EMPRESA" ADD CHECK (Capital > 0) ENABLE;
 
  ALTER TABLE "ABD0307"."EMPRESA" ADD PRIMARY KEY ("NOMBREE")
  USING INDEX PCTFREE 10 INITRANS 2 MAXTRANS 255 COMPUTE STATISTICS 
  STORAGE(INITIAL 65536 NEXT 1048576 MINEXTENTS 1 MAXEXTENTS 2147483645
  PCTINCREASE 0 FREELISTS 1 FREELIST GROUPS 1 BUFFER_POOL DEFAULT FLASH_CACHE DEFAULT CELL_FLASH_CACHE DEFAULT)
  TABLESPACE "ESPABD0307"  ENABLE;
--------------------------------------------------------
--  Constraints for Table INVIERTE
--------------------------------------------------------

  ALTER TABLE "ABD0307"."INVIERTE" ADD CONSTRAINT "CLAVE_INVIRTE_PRIM" PRIMARY KEY ("DNI", "NOMBREE", "TIPO")
  USING INDEX PCTFREE 10 INITRANS 2 MAXTRANS 255 COMPUTE STATISTICS 
  STORAGE(INITIAL 65536 NEXT 1048576 MINEXTENTS 1 MAXEXTENTS 2147483645
  PCTINCREASE 0 FREELISTS 1 FREELIST GROUPS 1 BUFFER_POOL DEFAULT FLASH_CACHE DEFAULT CELL_FLASH_CACHE DEFAULT)
  TABLESPACE "ESPABD0307"  ENABLE;
 
  ALTER TABLE "ABD0307"."INVIERTE" MODIFY ("DNI" NOT NULL ENABLE);
 
  ALTER TABLE "ABD0307"."INVIERTE" MODIFY ("NOMBREE" NOT NULL ENABLE);
 
  ALTER TABLE "ABD0307"."INVIERTE" MODIFY ("TIPO" NOT NULL ENABLE);
--------------------------------------------------------
--  Constraints for Table MOROSO
--------------------------------------------------------

  ALTER TABLE "ABD0307"."MOROSO" MODIFY ("DNI" NOT NULL ENABLE);
 
  ALTER TABLE "ABD0307"."MOROSO" ADD PRIMARY KEY ("DNI")
  USING INDEX PCTFREE 10 INITRANS 2 MAXTRANS 255 COMPUTE STATISTICS 
  STORAGE(INITIAL 65536 NEXT 1048576 MINEXTENTS 1 MAXEXTENTS 2147483645
  PCTINCREASE 0 FREELISTS 1 FREELIST GROUPS 1 BUFFER_POOL DEFAULT FLASH_CACHE DEFAULT CELL_FLASH_CACHE DEFAULT)
  TABLESPACE "ESPABD0307"  ENABLE;
--------------------------------------------------------
--  Constraints for Table PUESTO
--------------------------------------------------------

  ALTER TABLE "ABD0307"."PUESTO" MODIFY ("DNI" NOT NULL ENABLE);
 
  ALTER TABLE "ABD0307"."PUESTO" ADD PRIMARY KEY ("DNI")
  USING INDEX PCTFREE 10 INITRANS 2 MAXTRANS 255 COMPUTE STATISTICS 
  STORAGE(INITIAL 65536 NEXT 1048576 MINEXTENTS 1 MAXEXTENTS 2147483645
  PCTINCREASE 0 FREELISTS 1 FREELIST GROUPS 1 BUFFER_POOL DEFAULT FLASH_CACHE DEFAULT CELL_FLASH_CACHE DEFAULT)
  TABLESPACE "ESPABD0307"  ENABLE;
--------------------------------------------------------
--  Constraints for Table TARJETA
--------------------------------------------------------

  ALTER TABLE "ABD0307"."TARJETA" ADD CHECK (NumT <> 0) ENABLE;
 
  ALTER TABLE "ABD0307"."TARJETA" ADD CHECK (TipoT in ('VXK','COSA','PISA')) ENABLE;
 
  ALTER TABLE "ABD0307"."TARJETA" ADD PRIMARY KEY ("NUMT")
  USING INDEX PCTFREE 10 INITRANS 2 MAXTRANS 255 COMPUTE STATISTICS 
  STORAGE(INITIAL 65536 NEXT 1048576 MINEXTENTS 1 MAXEXTENTS 2147483645
  PCTINCREASE 0 FREELISTS 1 FREELIST GROUPS 1 BUFFER_POOL DEFAULT FLASH_CACHE DEFAULT CELL_FLASH_CACHE DEFAULT)
  TABLESPACE "ESPABD0307"  ENABLE;
--------------------------------------------------------
--  Constraints for Table TIENET
--------------------------------------------------------

  ALTER TABLE "ABD0307"."TIENET" MODIFY ("DNI" NOT NULL ENABLE);
 
  ALTER TABLE "ABD0307"."TIENET" MODIFY ("NUMT" NOT NULL ENABLE);
 
  ALTER TABLE "ABD0307"."TIENET" ADD PRIMARY KEY ("DNI", "NUMT")
  USING INDEX PCTFREE 10 INITRANS 2 MAXTRANS 255 COMPUTE STATISTICS 
  STORAGE(INITIAL 65536 NEXT 1048576 MINEXTENTS 1 MAXEXTENTS 2147483645
  PCTINCREASE 0 FREELISTS 1 FREELIST GROUPS 1 BUFFER_POOL DEFAULT FLASH_CACHE DEFAULT CELL_FLASH_CACHE DEFAULT)
  TABLESPACE "ESPABD0307"  ENABLE;
--------------------------------------------------------
--  Ref Constraints for Table COMPRAS
--------------------------------------------------------

  ALTER TABLE "ABD0307"."COMPRAS" ADD FOREIGN KEY ("DNI")
	  REFERENCES "ABD0307"."CLIENTE" ("DNI") ENABLE;
 
  ALTER TABLE "ABD0307"."COMPRAS" ADD FOREIGN KEY ("NUMT")
	  REFERENCES "ABD0307"."TARJETA" ("NUMT") ENABLE;
--------------------------------------------------------
--  Ref Constraints for Table INVIERTE
--------------------------------------------------------

  ALTER TABLE "ABD0307"."INVIERTE" ADD CONSTRAINT "CLAVE_INVIRTE_EMPRESA" FOREIGN KEY ("NOMBREE")
	  REFERENCES "ABD0307"."EMPRESA" ("NOMBREE") ENABLE;
 
  ALTER TABLE "ABD0307"."INVIERTE" ADD FOREIGN KEY ("DNI")
	  REFERENCES "ABD0307"."CLIENTE" ("DNI") ENABLE;
--------------------------------------------------------
--  Ref Constraints for Table PUESTO
--------------------------------------------------------

  ALTER TABLE "ABD0307"."PUESTO" ADD FOREIGN KEY ("DNI")
	  REFERENCES "ABD0307"."CLIENTE" ("DNI") ENABLE;
--------------------------------------------------------
--  Ref Constraints for Table TIENET
--------------------------------------------------------

  ALTER TABLE "ABD0307"."TIENET" ADD FOREIGN KEY ("DNI")
	  REFERENCES "ABD0307"."CLIENTE" ("DNI") ENABLE;
 
  ALTER TABLE "ABD0307"."TIENET" ADD FOREIGN KEY ("NUMT")
	  REFERENCES "ABD0307"."TARJETA" ("NUMT") ENABLE;
