--------------------------------------------------------
-- Archivo creado  - jueves-abril-27-2017   
--------------------------------------------------------
-- No se ha podido presentar el DDL TABLE para el objeto HECTOR.AREASCOBERTURA mientras que DBMS_METADATA intenta utilizar el generador interno.
ALTER TABLE HECTOR.AREASCOBERTURA
ADD CONSTRAINT FK_AREASCOBERTURA FOREIGN KEY
(
  CODIGORES 
)
REFERENCES HECTOR.RESTAURANTES
(
  CODIGO 
)
ON DELETE CASCADE ENABLECREATE TABLE HECTOR.AREASCOBERTURA 
(
  CODIGORES NUMBER(8, 0) NOT NULL 
, CODIGOPOSTAL CHAR(5 BYTE) NOT NULL 
, CONSTRAINT PK_AREASCOBERTURA PRIMARY KEY 
  (
    CODIGORES 
  , CODIGOPOSTAL 
  )
  ENABLE 
) 
LOGGING 
TABLESPACE "ESPACIOUHECTOR" 
PCTFREE 10 
INITRANS 1 
STORAGE 
( 
  INITIAL 65536 
  NEXT 1048576 
  MINEXTENTS 1 
  MAXEXTENTS 2147483645 
  BUFFER_POOL DEFAULT 
)
-- No se ha podido presentar el DDL TABLE para el objeto HECTOR.CLIENTE mientras que DBMS_METADATA intenta utilizar el generador interno.
CREATE TABLE HECTOR.CLIENTE 
(
  DNI CHAR(8 BYTE) NOT NULL 
, NOMBREC CHAR(30 BYTE) 
, DIRECCION VARCHAR2(50 BYTE) 
, TELEFONO CHAR(12 BYTE) 
, CONSTRAINT SYS_C0029171 PRIMARY KEY 
  (
    DNI 
  )
  ENABLE 
) 
LOGGING 
TABLESPACE "ESPACIOUHECTOR" 
PCTFREE 10 
INITRANS 1 
STORAGE 
( 
  INITIAL 65536 
  NEXT 1048576 
  MINEXTENTS 1 
  MAXEXTENTS 2147483645 
  BUFFER_POOL DEFAULT 
)
-- No se ha podido presentar el DDL TABLE para el objeto HECTOR.CLIENTES mientras que DBMS_METADATA intenta utilizar el generador interno.
ALTER TABLE HECTOR.CLIENTES
ADD CONSTRAINT SYS_C0017335 UNIQUE 
(
  NOMBRE 
)
ENABLECREATE TABLE HECTOR.CLIENTES 
(
  DNI CHAR(9 BYTE) NOT NULL 
, NOMBRE CHAR(20 BYTE) NOT NULL 
, APELLIDO CHAR(20 BYTE) NOT NULL 
, CALLE CHAR(20 BYTE) 
, NUMERO NUMBER(4, 0) 
, PISO CHAR(5 BYTE) 
, LOCALIDAD CHAR(20 BYTE) 
, CODIGO_POSTAL CHAR(5 BYTE) 
, TELEFONO CHAR(9 BYTE) 
, USUARIO CHAR(8 BYTE) NOT NULL 
, CONTRASE—A CHAR(8 BYTE) DEFAULT 'nopass' 
, CONSTRAINT PK_CLIENTE PRIMARY KEY 
  (
    DNI 
  )
  ENABLE 
) 
LOGGING 
TABLESPACE "ESPACIOUHECTOR" 
PCTFREE 10 
INITRANS 1 
STORAGE 
( 
  INITIAL 65536 
  NEXT 1048576 
  MINEXTENTS 1 
  MAXEXTENTS 2147483645 
  BUFFER_POOL DEFAULT 
)
-- No se ha podido presentar el DDL TABLE para el objeto HECTOR.COMPRAS mientras que DBMS_METADATA intenta utilizar el generador interno.
ALTER TABLE HECTOR.COMPRAS
ADD CONSTRAINT SYS_C0029185 FOREIGN KEY
(
  DNI 
)
REFERENCES HECTOR.CLIENTE
(
  DNI 
)
ENABLE
ALTER TABLE HECTOR.COMPRAS
ADD CONSTRAINT SYS_C0029186 FOREIGN KEY
(
  NUMT 
)
REFERENCES HECTOR.TARJETA
(
  NUMT 
)
ENABLECREATE TABLE HECTOR.COMPRAS 
(
  DNI CHAR(8 BYTE) NOT NULL 
, NUMT NUMBER(*, 0) NOT NULL 
, NUMF NUMBER(*, 0) NOT NULL 
, FECHA NUMBER(*, 0) 
, TIENDA CHAR(20 BYTE) 
, IMPORTE NUMBER(*, 0) 
, CONSTRAINT SYS_C0029184 PRIMARY KEY 
  (
    DNI 
  , NUMT 
  , NUMF 
  )
  ENABLE 
) 
LOGGING 
TABLESPACE "ESPACIOUHECTOR" 
PCTFREE 10 
INITRANS 1 
STORAGE 
( 
  INITIAL 65536 
  NEXT 1048576 
  MINEXTENTS 1 
  MAXEXTENTS 2147483645 
  BUFFER_POOL DEFAULT 
)
-- No se ha podido presentar el DDL TABLE para el objeto HECTOR.CONTIENE mientras que DBMS_METADATA intenta utilizar el generador interno.
ALTER TABLE HECTOR.CONTIENE
ADD CONSTRAINT FK_CONTIENE_PEDIDO FOREIGN KEY
(
  PEDIDO 
)
REFERENCES HECTOR.PEDIDOS
(
  CODIGO 
)
ON DELETE CASCADE ENABLE
ALTER TABLE HECTOR.CONTIENE
ADD CONSTRAINT FK_CONTIENE_PLATO FOREIGN KEY
(
  RESTAURANTE 
, PLATO 
)
REFERENCES HECTOR.PLATOS
(
  RESTAURANTE 
, NOMBREPLATO 
)
ENABLECREATE TABLE HECTOR.CONTIENE 
(
  RESTAURANTE NUMBER(8, 0) NOT NULL 
, PLATO CHAR(25 BYTE) NOT NULL 
, PEDIDO NUMBER(8, 0) NOT NULL 
, PRECIO_CON_COMISION NUMBER(8, 2) 
, UNIDADES NUMBER(4, 0) NOT NULL 
, CONSTRAINT PK_CONTIENE PRIMARY KEY 
  (
    RESTAURANTE 
  , PLATO 
  , PEDIDO 
  )
  ENABLE 
) 
LOGGING 
TABLESPACE "ESPACIOUHECTOR" 
PCTFREE 10 
INITRANS 1 
STORAGE 
( 
  INITIAL 65536 
  NEXT 1048576 
  MINEXTENTS 1 
  MAXEXTENTS 2147483645 
  BUFFER_POOL DEFAULT 
)
-- No se ha podido presentar el DDL TABLE para el objeto HECTOR.CUENTAS mientras que DBMS_METADATA intenta utilizar el generador interno.
CREATE TABLE HECTOR.CUENTAS 
(
  NUMERO NUMBER NOT NULL 
, SALDO NUMBER NOT NULL 
, CONSTRAINT SYS_C0023057 PRIMARY KEY 
  (
    NUMERO 
  )
  ENABLE 
) 
LOGGING 
TABLESPACE "ESPACIOUHECTOR" 
PCTFREE 10 
INITRANS 1 
STORAGE 
( 
  INITIAL 65536 
  NEXT 1048576 
  MINEXTENTS 1 
  MAXEXTENTS 2147483645 
  BUFFER_POOL DEFAULT 
)
-- No se ha podido presentar el DDL TABLE para el objeto HECTOR.DESCUENTOS mientras que DBMS_METADATA intenta utilizar el generador interno.
ALTER TABLE HECTOR.DESCUENTOS
ADD CONSTRAINT CK_DESCUENTO_PORCENTAJE_0_100 CHECK 
(PORCENTAJE_DESCUENTO > 0 AND PORCENTAJE_DESCUENTO <= 100)
ENABLECREATE TABLE HECTOR.DESCUENTOS 
(
  CODIGODESCUENTO NUMBER(8, 0) NOT NULL 
, FECHA_CADUCIDAD DATE 
, PORCENTAJE_DESCUENTO NUMBER(3, 0) 
, CONSTRAINT PK_DESCUENTO PRIMARY KEY 
  (
    CODIGODESCUENTO 
  )
  ENABLE 
) 
LOGGING 
TABLESPACE "ESPACIOUHECTOR" 
PCTFREE 10 
INITRANS 1 
STORAGE 
( 
  INITIAL 65536 
  NEXT 1048576 
  MINEXTENTS 1 
  MAXEXTENTS 2147483645 
  BUFFER_POOL DEFAULT 
)
-- No se ha podido presentar el DDL TABLE para el objeto HECTOR.EMPRESA mientras que DBMS_METADATA intenta utilizar el generador interno.
ALTER TABLE HECTOR.EMPRESA
ADD CONSTRAINT SYS_C0029168 CHECK 
(CAPITAL > 0)
ENABLECREATE TABLE HECTOR.EMPRESA 
(
  NOMBREE CHAR(20 BYTE) NOT NULL 
, COTIZACION NUMBER(*, 0) DEFAULT 99 
, CAPITAL FLOAT(126) 
, CONSTRAINT SYS_C0029169 PRIMARY KEY 
  (
    NOMBREE 
  )
  ENABLE 
) 
LOGGING 
TABLESPACE "ESPACIOUHECTOR" 
PCTFREE 10 
INITRANS 1 
STORAGE 
( 
  INITIAL 65536 
  NEXT 1048576 
  MINEXTENTS 1 
  MAXEXTENTS 2147483645 
  BUFFER_POOL DEFAULT 
)
-- No se ha podido presentar el DDL TABLE para el objeto HECTOR.HORARIOS mientras que DBMS_METADATA intenta utilizar el generador interno.
ALTER TABLE HECTOR.HORARIOS
ADD CONSTRAINT FK_HORARIO FOREIGN KEY
(
  CODIGORES 
)
REFERENCES HECTOR.RESTAURANTES
(
  CODIGO 
)
ON DELETE CASCADE ENABLECREATE TABLE HECTOR.HORARIOS 
(
  CODIGORES NUMBER(8, 0) NOT NULL 
, DIA_SEMANA CHAR(1 BYTE) NOT NULL 
, HORA_APERTURA DATE NOT NULL 
, HORA_CIERRE DATE 
, CONSTRAINT PK_HORARIO PRIMARY KEY 
  (
    CODIGORES 
  , DIA_SEMANA 
  )
  ENABLE 
) 
LOGGING 
TABLESPACE "ESPACIOUHECTOR" 
PCTFREE 10 
INITRANS 1 
STORAGE 
( 
  INITIAL 65536 
  NEXT 1048576 
  MINEXTENTS 1 
  MAXEXTENTS 2147483645 
  BUFFER_POOL DEFAULT 
)
-- No se ha podido presentar el DDL TABLE para el objeto HECTOR.INVIERTE mientras que DBMS_METADATA intenta utilizar el generador interno.
ALTER TABLE HECTOR.INVIERTE
ADD CONSTRAINT CLAVE_INVIRTE_EMPRESA FOREIGN KEY
(
  NOMBREE 
)
REFERENCES HECTOR.EMPRESA
(
  NOMBREE 
)
ENABLE
ALTER TABLE HECTOR.INVIERTE
ADD CONSTRAINT SYS_C0029178 FOREIGN KEY
(
  DNI 
)
REFERENCES HECTOR.CLIENTE
(
  DNI 
)
ENABLECREATE TABLE HECTOR.INVIERTE 
(
  DNI CHAR(8 BYTE) NOT NULL 
, NOMBREE CHAR(20 BYTE) NOT NULL 
, CANTIDAD FLOAT(126) 
, TIPO CHAR(10 BYTE) NOT NULL 
, CONSTRAINT CLAVE_INVIRTE_PRIM PRIMARY KEY 
  (
    DNI 
  , NOMBREE 
  , TIPO 
  )
  ENABLE 
) 
LOGGING 
TABLESPACE "ESPACIOUHECTOR" 
PCTFREE 10 
INITRANS 1 
STORAGE 
( 
  INITIAL 65536 
  NEXT 1048576 
  MINEXTENTS 1 
  MAXEXTENTS 2147483645 
  BUFFER_POOL DEFAULT 
)
-- No se ha podido presentar el DDL TABLE para el objeto HECTOR.MOROSO mientras que DBMS_METADATA intenta utilizar el generador interno.
CREATE TABLE HECTOR.MOROSO 
(
  DNI CHAR(8 BYTE) NOT NULL 
, NOMBREC CHAR(30 BYTE) 
, DIRECCION VARCHAR2(50 BYTE) 
, TELEFONO CHAR(12 BYTE) 
, CONSTRAINT SYS_C0029173 PRIMARY KEY 
  (
    DNI 
  )
  ENABLE 
) 
LOGGING 
TABLESPACE "ESPACIOUHECTOR" 
PCTFREE 10 
INITRANS 1 
STORAGE 
( 
  INITIAL 65536 
  NEXT 1048576 
  MINEXTENTS 1 
  MAXEXTENTS 2147483645 
  BUFFER_POOL DEFAULT 
)
-- No se ha podido presentar el DDL TABLE para el objeto HECTOR.NADA mientras que DBMS_METADATA intenta utilizar el generador interno.
CREATE TABLE HECTOR.NADA 
(
  RESTAURANTE NUMBER(8, 0) 
, PLATO CHAR(25 BYTE) 
, PEDIDO NUMBER(8, 0) 
, PRECIO_CON_COMISION NUMBER(8, 2) 
, UNIDADES NUMBER(4, 0) NOT NULL 
) 
LOGGING 
TABLESPACE "ESPACIOUHECTOR" 
PCTFREE 10 
INITRANS 1 
STORAGE 
( 
  BUFFER_POOL DEFAULT 
)
-- No se ha podido presentar el DDL TABLE para el objeto HECTOR.PEDIDOS mientras que DBMS_METADATA intenta utilizar el generador interno.
ALTER TABLE HECTOR.PEDIDOS
ADD CONSTRAINT CK_PEDIDO_ESTADO CHECK 
(ESTADO IN ('REST', 'CANCEL', 'RUTA', 'ENTREGADO', 'RECHAZADO'))
ENABLEALTER TABLE HECTOR.PEDIDOS
ADD CONSTRAINT FK_PEDIDO_CLIENTE FOREIGN KEY
(
  CLIENTE 
)
REFERENCES HECTOR.CLIENTES
(
  DNI 
)
ENABLE
ALTER TABLE HECTOR.PEDIDOS
ADD CONSTRAINT FK_PEDIDO_DESCUENTO FOREIGN KEY
(
  CODIGODESCUENTO 
)
REFERENCES HECTOR.DESCUENTOS
(
  CODIGODESCUENTO 
)
ON DELETE SET NULL ENABLECREATE TABLE HECTOR.PEDIDOS 
(
  CODIGO NUMBER(8, 0) NOT NULL 
, ESTADO CHAR(9 BYTE) DEFAULT 'REST' NOT NULL 
, FECHA_HORA_PEDIDO DATE NOT NULL 
, FECHA_HORA_ENTREGA DATE 
, IMPORTE_TOTAL NUMBER(8, 2) 
, CLIENTE CHAR(9 BYTE) NOT NULL 
, CODIGODESCUENTO NUMBER(8, 0) 
, CONSTRAINT PK_PEDIDO PRIMARY KEY 
  (
    CODIGO 
  )
  ENABLE 
) 
LOGGING 
TABLESPACE "ESPACIOUHECTOR" 
PCTFREE 10 
INITRANS 1 
STORAGE 
( 
  INITIAL 65536 
  NEXT 1048576 
  MINEXTENTS 1 
  MAXEXTENTS 2147483645 
  BUFFER_POOL DEFAULT 
)
-- No se ha podido presentar el DDL TABLE para el objeto HECTOR.PLAN_TABLE mientras que DBMS_METADATA intenta utilizar el generador interno.
CREATE TABLE HECTOR.PLAN_TABLE 
(
  STATEMENT_ID VARCHAR2(30 BYTE) 
, TIMESTAMP DATE 
, REMARKS VARCHAR2(80 BYTE) 
, OPERATION VARCHAR2(30 BYTE) 
, OPTIONS VARCHAR2(30 BYTE) 
, OBJECT_NODE VARCHAR2(128 BYTE) 
, OBJECT_OWNER VARCHAR2(30 BYTE) 
, OBJECT_NAME VARCHAR2(30 BYTE) 
, OBJECT_INSTANCE NUMBER(*, 0) 
, OBJECT_TYPE VARCHAR2(30 BYTE) 
, OPTIMIZER VARCHAR2(255 BYTE) 
, SEARCH_COLUMNS NUMBER 
, ID NUMBER(*, 0) 
, PARENT_ID NUMBER(*, 0) 
, POSITION NUMBER(*, 0) 
, COST NUMBER(*, 0) 
, CARDINALITY NUMBER(*, 0) 
, BYTES NUMBER(*, 0) 
, OTHER_TAG VARCHAR2(255 BYTE) 
, PARTITION_START VARCHAR2(255 BYTE) 
, PARTITION_STOP VARCHAR2(255 BYTE) 
, PARTITION_ID NUMBER(*, 0) 
, OTHER LONG 
) 
LOGGING 
TABLESPACE "ESPACIOUHECTOR" 
PCTFREE 10 
INITRANS 1 
STORAGE 
( 
  INITIAL 65536 
  NEXT 1048576 
  MINEXTENTS 1 
  MAXEXTENTS 2147483645 
  BUFFER_POOL DEFAULT 
)
-- No se ha podido presentar el DDL TABLE para el objeto HECTOR.PLATOS mientras que DBMS_METADATA intenta utilizar el generador interno.
CREATE INDEX HECTOR.I_CATPLATOS ON HECTOR.PLATOS (CATEGORIA ASC) 
LOGGING 
TABLESPACE "ESPACIOUHECTOR" 
PCTFREE 10 
INITRANS 2 
STORAGE 
( 
  INITIAL 65536 
  NEXT 1048576 
  MINEXTENTS 1 
  MAXEXTENTS 2147483645 
  BUFFER_POOL DEFAULT 
)ALTER TABLE HECTOR.PLATOS
ADD CONSTRAINT FK_PLATO FOREIGN KEY
(
  RESTAURANTE 
)
REFERENCES HECTOR.RESTAURANTES
(
  CODIGO 
)
ON DELETE CASCADE ENABLECREATE TABLE HECTOR.PLATOS 
(
  RESTAURANTE NUMBER(8, 0) NOT NULL 
, NOMBREPLATO CHAR(25 BYTE) NOT NULL 
, PRECIO NUMBER(8, 2) 
, DESCRIPCION CHAR(30 BYTE) 
, CATEGORIA CHAR(20 BYTE) 
, CONSTRAINT PK_PLATO PRIMARY KEY 
  (
    RESTAURANTE 
  , NOMBREPLATO 
  )
  ENABLE 
) 
LOGGING 
TABLESPACE "ESPACIOUHECTOR" 
PCTFREE 10 
INITRANS 1 
STORAGE 
( 
  INITIAL 65536 
  NEXT 1048576 
  MINEXTENTS 1 
  MAXEXTENTS 2147483645 
  BUFFER_POOL DEFAULT 
)
-- No se ha podido presentar el DDL TABLE para el objeto HECTOR.PUESTO mientras que DBMS_METADATA intenta utilizar el generador interno.
ALTER TABLE HECTOR.PUESTO
ADD CONSTRAINT SYS_C0029189 FOREIGN KEY
(
  DNI 
)
REFERENCES HECTOR.CLIENTE
(
  DNI 
)
ENABLECREATE TABLE HECTOR.PUESTO 
(
  DNI CHAR(8 BYTE) NOT NULL 
, TITULO VARCHAR2(30 BYTE) 
, SUELDO FLOAT(126) 
, CONSTRAINT SYS_C0029188 PRIMARY KEY 
  (
    DNI 
  )
  ENABLE 
) 
LOGGING 
TABLESPACE "ESPACIOUHECTOR" 
PCTFREE 10 
INITRANS 1 
STORAGE 
( 
  INITIAL 65536 
  NEXT 1048576 
  MINEXTENTS 1 
  MAXEXTENTS 2147483645 
  BUFFER_POOL DEFAULT 
)
-- No se ha podido presentar el DDL TABLE para el objeto HECTOR.RESTAURANTES mientras que DBMS_METADATA intenta utilizar el generador interno.
CREATE TABLE HECTOR.RESTAURANTES 
(
  CODIGO NUMBER(8, 0) NOT NULL 
, NOMBRE CHAR(20 BYTE) NOT NULL 
, CALLE CHAR(30 BYTE) NOT NULL 
, CODIGO_POSTAL CHAR(5 BYTE) NOT NULL 
, COMISION NUMBER(8, 2) 
, CONSTRAINT PK_RESTAURANTE PRIMARY KEY 
  (
    CODIGO 
  )
  ENABLE 
) 
LOGGING 
TABLESPACE "ESPACIOUHECTOR" 
PCTFREE 10 
INITRANS 1 
STORAGE 
( 
  INITIAL 65536 
  NEXT 1048576 
  MINEXTENTS 1 
  MAXEXTENTS 2147483645 
  BUFFER_POOL DEFAULT 
)
-- No se ha podido presentar el DDL TABLE para el objeto HECTOR.SECRETO mientras que DBMS_METADATA intenta utilizar el generador interno.
ALTER TABLE HECTOR.SECRETO
ADD CONSTRAINT CK_SECRETO_CATEGORIA CHECK 
(CATEGORIA IN ('pulga', 'guai', 'super'))
ENABLECREATE TABLE HECTOR.SECRETO 
(
  DNI CHAR(8 BYTE) NOT NULL 
, NOMBREC VARCHAR2(30 BYTE) DEFAULT 'JamesBond' 
, NUMEROORDEN NUMBER(8, 0) DEFAULT 0 NOT NULL 
, CATEGORIA CHAR(5 BYTE) 
, CONSTRAINT PK_SECRETO PRIMARY KEY 
  (
    DNI 
  , NUMEROORDEN 
  )
  ENABLE 
) 
LOGGING 
TABLESPACE "ESPACIOUHECTOR" 
PCTFREE 10 
INITRANS 1 
STORAGE 
( 
  BUFFER_POOL DEFAULT 
)
-- No se ha podido presentar el DDL TABLE para el objeto HECTOR.TARJETA mientras que DBMS_METADATA intenta utilizar el generador interno.
ALTER TABLE HECTOR.TARJETA
ADD CONSTRAINT SYS_C0029180 CHECK 
(NUMT != 0)
ENABLE
ALTER TABLE HECTOR.TARJETA
ADD CONSTRAINT SYS_C0029181 CHECK 
(TIPOT IN ('VXK', 'COSA', 'PISA'))
ENABLECREATE TABLE HECTOR.TARJETA 
(
  NUMT NUMBER(*, 0) NOT NULL 
, TIPOT CHAR(10 BYTE) 
, ORGANIZACION CHAR(20 BYTE) 
, CONSTRAINT SYS_C0029182 PRIMARY KEY 
  (
    NUMT 
  )
  ENABLE 
) 
LOGGING 
TABLESPACE "ESPACIOUHECTOR" 
PCTFREE 10 
INITRANS 1 
STORAGE 
( 
  INITIAL 65536 
  NEXT 1048576 
  MINEXTENTS 1 
  MAXEXTENTS 2147483645 
  BUFFER_POOL DEFAULT 
)
-- No se ha podido presentar el DDL TABLE para el objeto HECTOR.TIENET mientras que DBMS_METADATA intenta utilizar el generador interno.
ALTER TABLE HECTOR.TIENET
ADD CONSTRAINT SYS_C0029193 FOREIGN KEY
(
  DNI 
)
REFERENCES HECTOR.CLIENTE
(
  DNI 
)
ENABLE
ALTER TABLE HECTOR.TIENET
ADD CONSTRAINT SYS_C0029194 FOREIGN KEY
(
  NUMT 
)
REFERENCES HECTOR.TARJETA
(
  NUMT 
)
ENABLECREATE TABLE HECTOR.TIENET 
(
  DNI CHAR(8 BYTE) NOT NULL 
, NUMT NUMBER(*, 0) NOT NULL 
, CADUCIDAD NUMBER(*, 0) 
, SALDO FLOAT(126) 
, CONSTRAINT SYS_C0029192 PRIMARY KEY 
  (
    DNI 
  , NUMT 
  )
  ENABLE 
) 
LOGGING 
TABLESPACE "ESPACIOUHECTOR" 
PCTFREE 10 
INITRANS 1 
STORAGE 
( 
  INITIAL 65536 
  NEXT 1048576 
  MINEXTENTS 1 
  MAXEXTENTS 2147483645 
  BUFFER_POOL DEFAULT 
)
-- No se ha podido presentar el DDL TABLE para el objeto HECTOR.VENTAS mientras que DBMS_METADATA intenta utilizar el generador interno.
ALTER TABLE HECTOR.VENTAS
ADD CONSTRAINT SYS_C0022278 FOREIGN KEY
(
  COD_REST 
)
REFERENCES HECTOR.RESTAURANTES
(
  CODIGO 
)
ENABLECREATE TABLE HECTOR.VENTAS 
(
  COD_REST NUMBER(8, 0) NOT NULL 
, TOTAL_PEDIDOS NUMBER 
, CONSTRAINT SYS_C0022277 PRIMARY KEY 
  (
    COD_REST 
  )
  ENABLE 
) 
LOGGING 
TABLESPACE "ESPACIOUHECTOR" 
PCTFREE 10 
INITRANS 1 
STORAGE 
( 
  INITIAL 65536 
  NEXT 1048576 
  MINEXTENTS 1 
  MAXEXTENTS 2147483645 
  BUFFER_POOL DEFAULT 
)
REM INSERTING into HECTOR.AREASCOBERTURA
SET DEFINE OFF;
Insert into HECTOR.AREASCOBERTURA (CODIGORES,CODIGOPOSTAL) values ('1234','12345');
Insert into HECTOR.AREASCOBERTURA (CODIGORES,CODIGOPOSTAL) values ('1234','12346');
Insert into HECTOR.AREASCOBERTURA (CODIGORES,CODIGOPOSTAL) values ('2345','12345');
Insert into HECTOR.AREASCOBERTURA (CODIGORES,CODIGOPOSTAL) values ('2345','12568');
Insert into HECTOR.AREASCOBERTURA (CODIGORES,CODIGOPOSTAL) values ('3456','28224');
Insert into HECTOR.AREASCOBERTURA (CODIGORES,CODIGOPOSTAL) values ('5677','28224');
REM INSERTING into HECTOR.CLIENTE
SET DEFINE OFF;
Insert into HECTOR.CLIENTE (DNI,NOMBREC,DIRECCION,TELEFONO) values ('00000001','Client A                      ','direc 11','911111111111');
Insert into HECTOR.CLIENTE (DNI,NOMBREC,DIRECCION,TELEFONO) values ('00000003','Client B                      ','direc 13','911111111113');
Insert into HECTOR.CLIENTE (DNI,NOMBREC,DIRECCION,TELEFONO) values ('00000002','Client C                      ','direc 12','911111111112');
Insert into HECTOR.CLIENTE (DNI,NOMBREC,DIRECCION,TELEFONO) values ('00000005','Client A                      ','direc 15','911111111115');
Insert into HECTOR.CLIENTE (DNI,NOMBREC,DIRECCION,TELEFONO) values ('00000004','Client A                      ','direc 14','911111111114');
Insert into HECTOR.CLIENTE (DNI,NOMBREC,DIRECCION,TELEFONO) values ('00000006','Client D                      ','direc 12','911111111116');
REM INSERTING into HECTOR.CLIENTES
SET DEFINE OFF;
Insert into HECTOR.CLIENTES (DNI,NOMBRE,APELLIDO,CALLE,NUMERO,PISO,LOCALIDAD,CODIGO_POSTAL,TELEFONO,USUARIO,CONTRASE—A) values ('12345678N','Pedro               ','P√©rez              ','Torralba            ','29','4-B  ','Madrid              ','12345','676856753','12345612','pedro   ');
Insert into HECTOR.CLIENTES (DNI,NOMBRE,APELLIDO,CALLE,NUMERO,PISO,LOCALIDAD,CODIGO_POSTAL,TELEFONO,USUARIO,CONTRASE—A) values ('12345678M','Francisco           ','Garc√≠a Si√±eriz    ','Tembleque           ','78','BJ-A ','Madrid              ','12346','789345312','Nopass  ','Nopass  ');
Insert into HECTOR.CLIENTES (DNI,NOMBRE,APELLIDO,CALLE,NUMERO,PISO,LOCALIDAD,CODIGO_POSTAL,TELEFONO,USUARIO,CONTRASE—A) values ('12345679M','√?gata              ','Valle Dorado        ','Gallur              ','78','3-A  ','Legan√©s            ','28224','676856743','agata   ','agata   ');
Insert into HECTOR.CLIENTES (DNI,NOMBRE,APELLIDO,CALLE,NUMERO,PISO,LOCALIDAD,CODIGO_POSTAL,TELEFONO,USUARIO,CONTRASE—A) values ('45678901Y','Mar√≠a              ','Jorda Lorente       ','Leiva               ','1','4-I  ','M√≥stoles           ','78945','666123456','mari    ','passwd  ');
REM INSERTING into HECTOR.COMPRAS
SET DEFINE OFF;
Insert into HECTOR.COMPRAS (DNI,NUMT,NUMF,FECHA,TIENDA,IMPORTE) values ('00000005','50000400','1','501','tienda1             ','50');
Insert into HECTOR.COMPRAS (DNI,NUMT,NUMF,FECHA,TIENDA,IMPORTE) values ('00000005','50000030','1','501','tienda1             ','5');
Insert into HECTOR.COMPRAS (DNI,NUMT,NUMF,FECHA,TIENDA,IMPORTE) values ('00000005','50000400','2','502','tienda1             ','500');
Insert into HECTOR.COMPRAS (DNI,NUMT,NUMF,FECHA,TIENDA,IMPORTE) values ('00000005','50000400','3','501','tienda2             ','5000');
Insert into HECTOR.COMPRAS (DNI,NUMT,NUMF,FECHA,TIENDA,IMPORTE) values ('00000005','50000003','1','501','tienda8             ','50000');
Insert into HECTOR.COMPRAS (DNI,NUMT,NUMF,FECHA,TIENDA,IMPORTE) values ('00000003','30000002','1','501','tienda7             ','3');
Insert into HECTOR.COMPRAS (DNI,NUMT,NUMF,FECHA,TIENDA,IMPORTE) values ('00000003','30000300','1','501','tienda7             ','30');
Insert into HECTOR.COMPRAS (DNI,NUMT,NUMF,FECHA,TIENDA,IMPORTE) values ('00000003','30000020','1','501','tienda7             ','300');
Insert into HECTOR.COMPRAS (DNI,NUMT,NUMF,FECHA,TIENDA,IMPORTE) values ('00000003','30000020','2','501','tienda7             ','3000');
Insert into HECTOR.COMPRAS (DNI,NUMT,NUMF,FECHA,TIENDA,IMPORTE) values ('00000003','30000020','3','501','tienda8             ','30000');
Insert into HECTOR.COMPRAS (DNI,NUMT,NUMF,FECHA,TIENDA,IMPORTE) values ('00000004','40000200','1','501','tienda7             ','4');
REM INSERTING into HECTOR.CONTIENE
SET DEFINE OFF;
Insert into HECTOR.CONTIENE (RESTAURANTE,PLATO,PEDIDO,PRECIO_CON_COMISION,UNIDADES) values ('1234','pizza arrabiata          ','2','17,85','2');
Insert into HECTOR.CONTIENE (RESTAURANTE,PLATO,PEDIDO,PRECIO_CON_COMISION,UNIDADES) values ('2345','chana masala             ','2','12,6','1');
Insert into HECTOR.CONTIENE (RESTAURANTE,PLATO,PEDIDO,PRECIO_CON_COMISION,UNIDADES) values ('3456','vege-burguer             ','3','7,92','4');
Insert into HECTOR.CONTIENE (RESTAURANTE,PLATO,PEDIDO,PRECIO_CON_COMISION,UNIDADES) values ('5678','torta gallega            ','4','22,58','1');
Insert into HECTOR.CONTIENE (RESTAURANTE,PLATO,PEDIDO,PRECIO_CON_COMISION,UNIDADES) values ('2345','pollo tikka              ','7','17,33','3');
Insert into HECTOR.CONTIENE (RESTAURANTE,PLATO,PEDIDO,PRECIO_CON_COMISION,UNIDADES) values ('5678','tortaDeCarneEspecial     ','8','13,01','1');
Insert into HECTOR.CONTIENE (RESTAURANTE,PLATO,PEDIDO,PRECIO_CON_COMISION,UNIDADES) values ('3456','crunch-burguer           ','7','17,05','1');
Insert into HECTOR.CONTIENE (RESTAURANTE,PLATO,PEDIDO,PRECIO_CON_COMISION,UNIDADES) values ('3456','vege-burguer             ','7','7,92','1');
Insert into HECTOR.CONTIENE (RESTAURANTE,PLATO,PEDIDO,PRECIO_CON_COMISION,UNIDADES) values ('1234','pizza margarita          ','10','8,67','2');
Insert into HECTOR.CONTIENE (RESTAURANTE,PLATO,PEDIDO,PRECIO_CON_COMISION,UNIDADES) values ('1234','pizza vegetal            ','10','10,71','2');
Insert into HECTOR.CONTIENE (RESTAURANTE,PLATO,PEDIDO,PRECIO_CON_COMISION,UNIDADES) values ('3456','hot-burguer              ','10','6,6','1');
REM INSERTING into HECTOR.CUENTAS
SET DEFINE OFF;
Insert into HECTOR.CUENTAS (NUMERO,SALDO) values ('123','900');
Insert into HECTOR.CUENTAS (NUMERO,SALDO) values ('456','600');
REM INSERTING into HECTOR.DESCUENTOS
SET DEFINE OFF;
Insert into HECTOR.DESCUENTOS (CODIGODESCUENTO,FECHA_CADUCIDAD,PORCENTAJE_DESCUENTO) values ('1100',to_date('20/04/09','DD/MM/RR'),'50');
Insert into HECTOR.DESCUENTOS (CODIGODESCUENTO,FECHA_CADUCIDAD,PORCENTAJE_DESCUENTO) values ('1200',to_date('30/03/09','DD/MM/RR'),'25');
Insert into HECTOR.DESCUENTOS (CODIGODESCUENTO,FECHA_CADUCIDAD,PORCENTAJE_DESCUENTO) values ('1300',to_date('30/06/09','DD/MM/RR'),'5');
Insert into HECTOR.DESCUENTOS (CODIGODESCUENTO,FECHA_CADUCIDAD,PORCENTAJE_DESCUENTO) values ('1400',to_date('30/06/09','DD/MM/RR'),'10');
Insert into HECTOR.DESCUENTOS (CODIGODESCUENTO,FECHA_CADUCIDAD,PORCENTAJE_DESCUENTO) values ('1500',to_date('30/06/09','DD/MM/RR'),'100');
REM INSERTING into HECTOR.EMPRESA
SET DEFINE OFF;
Insert into HECTOR.EMPRESA (NOMBREE,COTIZACION,CAPITAL) values ('Empresa 11          ','111111','110000');
Insert into HECTOR.EMPRESA (NOMBREE,COTIZACION,CAPITAL) values ('Empresa 22          ','222222','220000');
Insert into HECTOR.EMPRESA (NOMBREE,COTIZACION,CAPITAL) values ('Empresa 33          ','333333','330000');
Insert into HECTOR.EMPRESA (NOMBREE,COTIZACION,CAPITAL) values ('Empresa 44          ','444444','440000');
Insert into HECTOR.EMPRESA (NOMBREE,COTIZACION,CAPITAL) values ('Empresa 55          ','555555','550000');
REM INSERTING into HECTOR.HORARIOS
SET DEFINE OFF;
Insert into HECTOR.HORARIOS (CODIGORES,DIA_SEMANA,HORA_APERTURA,HORA_CIERRE) values ('1234','X',to_date('01/12/16','DD/MM/RR'),to_date('01/12/16','DD/MM/RR'));
Insert into HECTOR.HORARIOS (CODIGORES,DIA_SEMANA,HORA_APERTURA,HORA_CIERRE) values ('1234','J',to_date('01/12/16','DD/MM/RR'),to_date('01/12/16','DD/MM/RR'));
Insert into HECTOR.HORARIOS (CODIGORES,DIA_SEMANA,HORA_APERTURA,HORA_CIERRE) values ('1234','V',to_date('01/12/16','DD/MM/RR'),to_date('01/12/16','DD/MM/RR'));
Insert into HECTOR.HORARIOS (CODIGORES,DIA_SEMANA,HORA_APERTURA,HORA_CIERRE) values ('1234','S',to_date('01/12/16','DD/MM/RR'),to_date('01/12/16','DD/MM/RR'));
Insert into HECTOR.HORARIOS (CODIGORES,DIA_SEMANA,HORA_APERTURA,HORA_CIERRE) values ('2345','J',to_date('01/12/16','DD/MM/RR'),to_date('01/12/16','DD/MM/RR'));
Insert into HECTOR.HORARIOS (CODIGORES,DIA_SEMANA,HORA_APERTURA,HORA_CIERRE) values ('2345','V',to_date('01/12/16','DD/MM/RR'),to_date('01/12/16','DD/MM/RR'));
Insert into HECTOR.HORARIOS (CODIGORES,DIA_SEMANA,HORA_APERTURA,HORA_CIERRE) values ('2345','S',to_date('01/12/16','DD/MM/RR'),to_date('01/12/16','DD/MM/RR'));
Insert into HECTOR.HORARIOS (CODIGORES,DIA_SEMANA,HORA_APERTURA,HORA_CIERRE) values ('2345','D',to_date('01/12/16','DD/MM/RR'),to_date('01/12/16','DD/MM/RR'));
Insert into HECTOR.HORARIOS (CODIGORES,DIA_SEMANA,HORA_APERTURA,HORA_CIERRE) values ('3456','J',to_date('01/12/16','DD/MM/RR'),to_date('01/12/16','DD/MM/RR'));
Insert into HECTOR.HORARIOS (CODIGORES,DIA_SEMANA,HORA_APERTURA,HORA_CIERRE) values ('3456','V',to_date('01/12/16','DD/MM/RR'),to_date('01/12/16','DD/MM/RR'));
Insert into HECTOR.HORARIOS (CODIGORES,DIA_SEMANA,HORA_APERTURA,HORA_CIERRE) values ('3456','S',to_date('01/12/16','DD/MM/RR'),to_date('01/12/16','DD/MM/RR'));
Insert into HECTOR.HORARIOS (CODIGORES,DIA_SEMANA,HORA_APERTURA,HORA_CIERRE) values ('3456','D',to_date('01/12/16','DD/MM/RR'),to_date('01/12/16','DD/MM/RR'));
Insert into HECTOR.HORARIOS (CODIGORES,DIA_SEMANA,HORA_APERTURA,HORA_CIERRE) values ('5678','L',to_date('01/12/16','DD/MM/RR'),to_date('01/12/16','DD/MM/RR'));
Insert into HECTOR.HORARIOS (CODIGORES,DIA_SEMANA,HORA_APERTURA,HORA_CIERRE) values ('5678','M',to_date('01/12/16','DD/MM/RR'),to_date('01/12/16','DD/MM/RR'));
Insert into HECTOR.HORARIOS (CODIGORES,DIA_SEMANA,HORA_APERTURA,HORA_CIERRE) values ('5678','X',to_date('01/12/16','DD/MM/RR'),to_date('01/12/16','DD/MM/RR'));
Insert into HECTOR.HORARIOS (CODIGORES,DIA_SEMANA,HORA_APERTURA,HORA_CIERRE) values ('5678','J',to_date('01/12/16','DD/MM/RR'),to_date('01/12/16','DD/MM/RR'));
Insert into HECTOR.HORARIOS (CODIGORES,DIA_SEMANA,HORA_APERTURA,HORA_CIERRE) values ('5677','V',to_date('01/12/16','DD/MM/RR'),to_date('01/12/16','DD/MM/RR'));
REM INSERTING into HECTOR.INVIERTE
SET DEFINE OFF;
Insert into HECTOR.INVIERTE (DNI,NOMBREE,CANTIDAD,TIPO) values ('00000002','Empresa 55          ','210000','bono1     ');
Insert into HECTOR.INVIERTE (DNI,NOMBREE,CANTIDAD,TIPO) values ('00000002','Empresa 55          ','220000','bono2     ');
Insert into HECTOR.INVIERTE (DNI,NOMBREE,CANTIDAD,TIPO) values ('00000002','Empresa 55          ','230000','bono3     ');
Insert into HECTOR.INVIERTE (DNI,NOMBREE,CANTIDAD,TIPO) values ('00000002','Empresa 44          ','240000','bono4     ');
Insert into HECTOR.INVIERTE (DNI,NOMBREE,CANTIDAD,TIPO) values ('00000003','Empresa 55          ','310000','bono1     ');
Insert into HECTOR.INVIERTE (DNI,NOMBREE,CANTIDAD,TIPO) values ('00000003','Empresa 33          ','320000','bono2     ');
Insert into HECTOR.INVIERTE (DNI,NOMBREE,CANTIDAD,TIPO) values ('00000004','Empresa 22          ','410000','bono1     ');
Insert into HECTOR.INVIERTE (DNI,NOMBREE,CANTIDAD,TIPO) values ('00000004','Empresa 22          ','420000','bono2     ');
REM INSERTING into HECTOR.MOROSO
SET DEFINE OFF;
Insert into HECTOR.MOROSO (DNI,NOMBREC,DIRECCION,TELEFONO) values ('00000003','Client B                      ','direc 13','911111111113');
Insert into HECTOR.MOROSO (DNI,NOMBREC,DIRECCION,TELEFONO) values ('00000007','Client E                      ','direc 17','911111111117');
Insert into HECTOR.MOROSO (DNI,NOMBREC,DIRECCION,TELEFONO) values ('00000005','Client A                      ','direc 15','911111111115');
Insert into HECTOR.MOROSO (DNI,NOMBREC,DIRECCION,TELEFONO) values ('00000006','Client D                      ','direc 16','911111111116');
REM INSERTING into HECTOR.NADA
SET DEFINE OFF;
REM INSERTING into HECTOR.PEDIDOS
SET DEFINE OFF;
Insert into HECTOR.PEDIDOS (CODIGO,ESTADO,FECHA_HORA_PEDIDO,FECHA_HORA_ENTREGA,IMPORTE_TOTAL,CLIENTE,CODIGODESCUENTO) values ('2','REST     ',to_date('17/02/09','DD/MM/RR'),to_date('17/02/09','DD/MM/RR'),'34,25','12345678N','1100');
Insert into HECTOR.PEDIDOS (CODIGO,ESTADO,FECHA_HORA_PEDIDO,FECHA_HORA_ENTREGA,IMPORTE_TOTAL,CLIENTE,CODIGODESCUENTO) values ('3','ENTREGADO',to_date('16/02/09','DD/MM/RR'),to_date('16/02/09','DD/MM/RR'),'14,25','12345678N','1100');
Insert into HECTOR.PEDIDOS (CODIGO,ESTADO,FECHA_HORA_PEDIDO,FECHA_HORA_ENTREGA,IMPORTE_TOTAL,CLIENTE,CODIGODESCUENTO) values ('4','ENTREGADO',to_date('15/02/09','DD/MM/RR'),to_date('15/02/09','DD/MM/RR'),'16,5','12345678N','1400');
Insert into HECTOR.PEDIDOS (CODIGO,ESTADO,FECHA_HORA_PEDIDO,FECHA_HORA_ENTREGA,IMPORTE_TOTAL,CLIENTE,CODIGODESCUENTO) values ('5','REST     ',to_date('17/02/09','DD/MM/RR'),to_date('17/02/09','DD/MM/RR'),'34,25','12345678M',null);
Insert into HECTOR.PEDIDOS (CODIGO,ESTADO,FECHA_HORA_PEDIDO,FECHA_HORA_ENTREGA,IMPORTE_TOTAL,CLIENTE,CODIGODESCUENTO) values ('6','RECHAZADO',to_date('16/02/09','DD/MM/RR'),to_date('16/02/09','DD/MM/RR'),'25','12345678M',null);
Insert into HECTOR.PEDIDOS (CODIGO,ESTADO,FECHA_HORA_PEDIDO,FECHA_HORA_ENTREGA,IMPORTE_TOTAL,CLIENTE,CODIGODESCUENTO) values ('7','CANCEL   ',to_date('15/02/09','DD/MM/RR'),to_date('15/02/09','DD/MM/RR'),'10','12345678M','1400');
Insert into HECTOR.PEDIDOS (CODIGO,ESTADO,FECHA_HORA_PEDIDO,FECHA_HORA_ENTREGA,IMPORTE_TOTAL,CLIENTE,CODIGODESCUENTO) values ('8','CANCEL   ',to_date('15/02/09','DD/MM/RR'),to_date('15/02/09','DD/MM/RR'),'30','12345679M',null);
Insert into HECTOR.PEDIDOS (CODIGO,ESTADO,FECHA_HORA_PEDIDO,FECHA_HORA_ENTREGA,IMPORTE_TOTAL,CLIENTE,CODIGODESCUENTO) values ('9','RUTA     ',to_date('16/02/09','DD/MM/RR'),to_date('16/02/09','DD/MM/RR'),'15','45678901Y','1200');
Insert into HECTOR.PEDIDOS (CODIGO,ESTADO,FECHA_HORA_PEDIDO,FECHA_HORA_ENTREGA,IMPORTE_TOTAL,CLIENTE,CODIGODESCUENTO) values ('10','ENTREGADO',to_date('15/02/09','DD/MM/RR'),to_date('15/02/09','DD/MM/RR'),'25','45678901Y','1100');
REM INSERTING into HECTOR.PLAN_TABLE
SET DEFINE OFF;
Insert into HECTOR.PLAN_TABLE (STATEMENT_ID,TIMESTAMP,REMARKS,OPERATION,OPTIONS,OBJECT_NODE,OBJECT_OWNER,OBJECT_NAME,OBJECT_INSTANCE,OBJECT_TYPE,OPTIMIZER,SEARCH_COLUMNS,ID,PARENT_ID,POSITION,COST,CARDINALITY,BYTES,OTHER_TAG,PARTITION_START,PARTITION_STOP,PARTITION_ID,OTHER) values (null,to_date('26/04/17','DD/MM/RR'),null,'SELECT STATEMENT',null,null,null,null,null,null,'ALL_ROWS',null,'0',null,'10','10','3','291',null,null,null,null,null);
Insert into HECTOR.PLAN_TABLE (STATEMENT_ID,TIMESTAMP,REMARKS,OPERATION,OPTIONS,OBJECT_NODE,OBJECT_OWNER,OBJECT_NAME,OBJECT_INSTANCE,OBJECT_TYPE,OPTIMIZER,SEARCH_COLUMNS,ID,PARENT_ID,POSITION,COST,CARDINALITY,BYTES,OTHER_TAG,PARTITION_START,PARTITION_STOP,PARTITION_ID,OTHER) values (null,to_date('26/04/17','DD/MM/RR'),null,'HASH','UNIQUE',null,null,null,null,null,null,null,'1','0','1','10','3','291',null,null,null,null,null);
Insert into HECTOR.PLAN_TABLE (STATEMENT_ID,TIMESTAMP,REMARKS,OPERATION,OPTIONS,OBJECT_NODE,OBJECT_OWNER,OBJECT_NAME,OBJECT_INSTANCE,OBJECT_TYPE,OPTIMIZER,SEARCH_COLUMNS,ID,PARENT_ID,POSITION,COST,CARDINALITY,BYTES,OTHER_TAG,PARTITION_START,PARTITION_STOP,PARTITION_ID,OTHER) values (null,to_date('26/04/17','DD/MM/RR'),null,'HASH JOIN',null,null,null,null,null,null,null,null,'2','1','1','9','3','291',null,null,null,null,null);
Insert into HECTOR.PLAN_TABLE (STATEMENT_ID,TIMESTAMP,REMARKS,OPERATION,OPTIONS,OBJECT_NODE,OBJECT_OWNER,OBJECT_NAME,OBJECT_INSTANCE,OBJECT_TYPE,OPTIMIZER,SEARCH_COLUMNS,ID,PARENT_ID,POSITION,COST,CARDINALITY,BYTES,OTHER_TAG,PARTITION_START,PARTITION_STOP,PARTITION_ID,OTHER) values (null,to_date('26/04/17','DD/MM/RR'),null,'HASH JOIN',null,null,null,null,null,null,null,null,'3','2','1','7','4','260',null,null,null,null,null);
Insert into HECTOR.PLAN_TABLE (STATEMENT_ID,TIMESTAMP,REMARKS,OPERATION,OPTIONS,OBJECT_NODE,OBJECT_OWNER,OBJECT_NAME,OBJECT_INSTANCE,OBJECT_TYPE,OPTIMIZER,SEARCH_COLUMNS,ID,PARENT_ID,POSITION,COST,CARDINALITY,BYTES,OTHER_TAG,PARTITION_START,PARTITION_STOP,PARTITION_ID,OTHER) values (null,to_date('26/04/17','DD/MM/RR'),null,'TABLE ACCESS','FULL',null,'HECTOR','COMPRAS','2','TABLE',null,null,'4','3','1','3','4','92',null,null,null,null,null);
Insert into HECTOR.PLAN_TABLE (STATEMENT_ID,TIMESTAMP,REMARKS,OPERATION,OPTIONS,OBJECT_NODE,OBJECT_OWNER,OBJECT_NAME,OBJECT_INSTANCE,OBJECT_TYPE,OPTIMIZER,SEARCH_COLUMNS,ID,PARENT_ID,POSITION,COST,CARDINALITY,BYTES,OTHER_TAG,PARTITION_START,PARTITION_STOP,PARTITION_ID,OTHER) values (null,to_date('26/04/17','DD/MM/RR'),null,'TABLE ACCESS','FULL',null,'HECTOR','CLIENTE','1','TABLE',null,null,'5','3','2','3','6','252',null,null,null,null,null);
Insert into HECTOR.PLAN_TABLE (STATEMENT_ID,TIMESTAMP,REMARKS,OPERATION,OPTIONS,OBJECT_NODE,OBJECT_OWNER,OBJECT_NAME,OBJECT_INSTANCE,OBJECT_TYPE,OPTIMIZER,SEARCH_COLUMNS,ID,PARENT_ID,POSITION,COST,CARDINALITY,BYTES,OTHER_TAG,PARTITION_START,PARTITION_STOP,PARTITION_ID,OTHER) values (null,to_date('26/04/17','DD/MM/RR'),null,'INDEX','FULL SCAN',null,'HECTOR','CLAVE_INVIRTE_PRIM',null,'INDEX (UNIQUE)',null,'1','6','2','2','2','4','128',null,null,null,null,null);
REM INSERTING into HECTOR.PLATOS
SET DEFINE OFF;
Insert into HECTOR.PLATOS (RESTAURANTE,NOMBREPLATO,PRECIO,DESCRIPCION,CATEGORIA) values ('1234','pizza arrabiata          ','17,5','pizza de carne y guindilla    ','picante             ');
Insert into HECTOR.PLATOS (RESTAURANTE,NOMBREPLATO,PRECIO,DESCRIPCION,CATEGORIA) values ('1234','pizza margarita          ','8,5','tomate y queso                ','pizza               ');
Insert into HECTOR.PLATOS (RESTAURANTE,NOMBREPLATO,PRECIO,DESCRIPCION,CATEGORIA) values ('1234','pizza vegetal            ','10,5','queso y verduras              ','pizza               ');
Insert into HECTOR.PLATOS (RESTAURANTE,NOMBREPLATO,PRECIO,DESCRIPCION,CATEGORIA) values ('2345','pollo tikka              ','16,5','pollo con especias            ','picante             ');
Insert into HECTOR.PLATOS (RESTAURANTE,NOMBREPLATO,PRECIO,DESCRIPCION,CATEGORIA) values ('2345','chana masala             ','12','garbanzos y arroz             ','vegetariano         ');
Insert into HECTOR.PLATOS (RESTAURANTE,NOMBREPLATO,PRECIO,DESCRIPCION,CATEGORIA) values ('3456','hot-burguer              ','6','hamburguesa con salsa picante ','picante             ');
Insert into HECTOR.PLATOS (RESTAURANTE,NOMBREPLATO,PRECIO,DESCRIPCION,CATEGORIA) values ('3456','vege-burguer             ','7,2','hamburguesa vegetal           ','vegetariano         ');
Insert into HECTOR.PLATOS (RESTAURANTE,NOMBREPLATO,PRECIO,DESCRIPCION,CATEGORIA) values ('3456','crunch-burguer           ','15,5','hamburguesa con pan crujiente ','carne               ');
Insert into HECTOR.PLATOS (RESTAURANTE,NOMBREPLATO,PRECIO,DESCRIPCION,CATEGORIA) values ('5678','tortaDeCarneEspecial     ','12,1','torta de carne y queso brie   ','carne               ');
Insert into HECTOR.PLATOS (RESTAURANTE,NOMBREPLATO,PRECIO,DESCRIPCION,CATEGORIA) values ('5678','torta gallega            ','21','torta de pulpo                ','pescado             ');
REM INSERTING into HECTOR.PUESTO
SET DEFINE OFF;
Insert into HECTOR.PUESTO (DNI,TITULO,SUELDO) values ('00000001','cajera','30');
Insert into HECTOR.PUESTO (DNI,TITULO,SUELDO) values ('00000002','estudiante','30');
Insert into HECTOR.PUESTO (DNI,TITULO,SUELDO) values ('00000003','Presidente','30');
Insert into HECTOR.PUESTO (DNI,TITULO,SUELDO) values ('00000004','VicePresidente','30');
Insert into HECTOR.PUESTO (DNI,TITULO,SUELDO) values ('00000005','Presidente','30');
Insert into HECTOR.PUESTO (DNI,TITULO,SUELDO) values ('00000006','Parado','0');
REM INSERTING into HECTOR.RESTAURANTES
SET DEFINE OFF;
Insert into HECTOR.RESTAURANTES (CODIGO,NOMBRE,CALLE,CODIGO_POSTAL,COMISION) values ('1234','pizzahud            ','abascal 45                    ','12345','2');
Insert into HECTOR.RESTAURANTES (CODIGO,NOMBRE,CALLE,CODIGO_POSTAL,COMISION) values ('2345','Templo hind√∫       ','carb√≥n 22                    ','12567','5');
Insert into HECTOR.RESTAURANTES (CODIGO,NOMBRE,CALLE,CODIGO_POSTAL,COMISION) values ('3456','burguer-burguer     ','diamante 12                   ','28224','10');
Insert into HECTOR.RESTAURANTES (CODIGO,NOMBRE,CALLE,CODIGO_POSTAL,COMISION) values ('5678','telericatorta       ','c√°ntaro 17                   ','28225','7,5');
Insert into HECTOR.RESTAURANTES (CODIGO,NOMBRE,CALLE,CODIGO_POSTAL,COMISION) values ('5677','rissoto             ','vi√±agrande 29                ','28925','5,5');
REM INSERTING into HECTOR.SECRETO
SET DEFINE OFF;
REM INSERTING into HECTOR.TARJETA
SET DEFINE OFF;
Insert into HECTOR.TARJETA (NUMT,TIPOT,ORGANIZACION) values ('10000001','PISA      ','MASTERUIN           ');
Insert into HECTOR.TARJETA (NUMT,TIPOT,ORGANIZACION) values ('30000002','PISA      ','MASTERUIN           ');
Insert into HECTOR.TARJETA (NUMT,TIPOT,ORGANIZACION) values ('50000003','PISA      ','MASTERUIN           ');
Insert into HECTOR.TARJETA (NUMT,TIPOT,ORGANIZACION) values ('10','COSA      ','MENOSRUIN           ');
Insert into HECTOR.TARJETA (NUMT,TIPOT,ORGANIZACION) values ('30000020','COSA      ','MENOSRUIN           ');
Insert into HECTOR.TARJETA (NUMT,TIPOT,ORGANIZACION) values ('50000030','COSA      ','MENOSRUIN           ');
Insert into HECTOR.TARJETA (NUMT,TIPOT,ORGANIZACION) values ('100','VXK       ','MENOSRUIN           ');
Insert into HECTOR.TARJETA (NUMT,TIPOT,ORGANIZACION) values ('40000200','VXK       ','MENOSRUIN           ');
Insert into HECTOR.TARJETA (NUMT,TIPOT,ORGANIZACION) values ('30000300','VXK       ','MENOSRUIN           ');
Insert into HECTOR.TARJETA (NUMT,TIPOT,ORGANIZACION) values ('50000400','VXK       ','MENOSRUIN           ');
REM INSERTING into HECTOR.TIENET
SET DEFINE OFF;
Insert into HECTOR.TIENET (DNI,NUMT,CADUCIDAD,SALDO) values ('00000001','10000001','901','30');
Insert into HECTOR.TIENET (DNI,NUMT,CADUCIDAD,SALDO) values ('00000003','30000002','901','30');
Insert into HECTOR.TIENET (DNI,NUMT,CADUCIDAD,SALDO) values ('00000003','30000020','901','300');
Insert into HECTOR.TIENET (DNI,NUMT,CADUCIDAD,SALDO) values ('00000003','30000300','901','3000');
Insert into HECTOR.TIENET (DNI,NUMT,CADUCIDAD,SALDO) values ('00000004','40000200','901','40');
Insert into HECTOR.TIENET (DNI,NUMT,CADUCIDAD,SALDO) values ('00000005','50000003','901','50');
Insert into HECTOR.TIENET (DNI,NUMT,CADUCIDAD,SALDO) values ('00000005','50000030','901','500');
Insert into HECTOR.TIENET (DNI,NUMT,CADUCIDAD,SALDO) values ('00000005','50000400','901','50000');
REM INSERTING into HECTOR.VENTAS
SET DEFINE OFF;
-- No se ha podido presentar el DDL INDEX para el objeto HECTOR.PK_AREASCOBERTURA mientras que DBMS_METADATA intenta utilizar el generador interno.
CREATE UNIQUE INDEX HECTOR.PK_AREASCOBERTURA ON HECTOR.AREASCOBERTURA (CODIGORES, CODIGOPOSTAL) 
LOGGING 
TABLESPACE "ESPACIOUHECTOR" 
PCTFREE 10 
INITRANS 2 
STORAGE 
( 
  INITIAL 65536 
  NEXT 1048576 
  MINEXTENTS 1 
  MAXEXTENTS 2147483645 
  BUFFER_POOL DEFAULT 
)
-- No se ha podido presentar el DDL INDEX para el objeto HECTOR.SYS_C0029171 mientras que DBMS_METADATA intenta utilizar el generador interno.
CREATE INDEX HECTOR.SYS_C0029171 ON ()
-- No se ha podido presentar el DDL INDEX para el objeto HECTOR.PK_CLIENTE mientras que DBMS_METADATA intenta utilizar el generador interno.
CREATE UNIQUE INDEX HECTOR.PK_CLIENTE ON HECTOR.CLIENTES (DNI) 
LOGGING 
TABLESPACE "ESPACIOUHECTOR" 
PCTFREE 10 
INITRANS 2 
STORAGE 
( 
  INITIAL 65536 
  NEXT 1048576 
  MINEXTENTS 1 
  MAXEXTENTS 2147483645 
  BUFFER_POOL DEFAULT 
)
-- No se ha podido presentar el DDL INDEX para el objeto HECTOR.SYS_C0017335 mientras que DBMS_METADATA intenta utilizar el generador interno.
CREATE INDEX HECTOR.SYS_C0017335 ON ()
-- No se ha podido presentar el DDL INDEX para el objeto HECTOR.SYS_C0029184 mientras que DBMS_METADATA intenta utilizar el generador interno.
CREATE INDEX HECTOR.SYS_C0029184 ON ()
-- No se ha podido presentar el DDL INDEX para el objeto HECTOR.PK_CONTIENE mientras que DBMS_METADATA intenta utilizar el generador interno.
CREATE UNIQUE INDEX HECTOR.PK_CONTIENE ON HECTOR.CONTIENE (RESTAURANTE, PLATO, PEDIDO) 
LOGGING 
TABLESPACE "ESPACIOUHECTOR" 
PCTFREE 10 
INITRANS 2 
STORAGE 
( 
  INITIAL 65536 
  NEXT 1048576 
  MINEXTENTS 1 
  MAXEXTENTS 2147483645 
  BUFFER_POOL DEFAULT 
)
-- No se ha podido presentar el DDL INDEX para el objeto HECTOR.SYS_C0023057 mientras que DBMS_METADATA intenta utilizar el generador interno.
CREATE INDEX HECTOR.SYS_C0023057 ON ()
-- No se ha podido presentar el DDL INDEX para el objeto HECTOR.PK_DESCUENTO mientras que DBMS_METADATA intenta utilizar el generador interno.
CREATE UNIQUE INDEX HECTOR.PK_DESCUENTO ON HECTOR.DESCUENTOS (CODIGODESCUENTO) 
LOGGING 
TABLESPACE "ESPACIOUHECTOR" 
PCTFREE 10 
INITRANS 2 
STORAGE 
( 
  INITIAL 65536 
  NEXT 1048576 
  MINEXTENTS 1 
  MAXEXTENTS 2147483645 
  BUFFER_POOL DEFAULT 
)
-- No se ha podido presentar el DDL INDEX para el objeto HECTOR.SYS_C0029169 mientras que DBMS_METADATA intenta utilizar el generador interno.
CREATE INDEX HECTOR.SYS_C0029169 ON ()
-- No se ha podido presentar el DDL INDEX para el objeto HECTOR.PK_HORARIO mientras que DBMS_METADATA intenta utilizar el generador interno.
CREATE UNIQUE INDEX HECTOR.PK_HORARIO ON HECTOR.HORARIOS (CODIGORES, DIA_SEMANA) 
LOGGING 
TABLESPACE "ESPACIOUHECTOR" 
PCTFREE 10 
INITRANS 2 
STORAGE 
( 
  INITIAL 65536 
  NEXT 1048576 
  MINEXTENTS 1 
  MAXEXTENTS 2147483645 
  BUFFER_POOL DEFAULT 
)
-- No se ha podido presentar el DDL INDEX para el objeto HECTOR.CLAVE_INVIRTE_PRIM mientras que DBMS_METADATA intenta utilizar el generador interno.
CREATE UNIQUE INDEX HECTOR.CLAVE_INVIRTE_PRIM ON HECTOR.INVIERTE (DNI, NOMBREE, TIPO) 
LOGGING 
TABLESPACE "ESPACIOUHECTOR" 
PCTFREE 10 
INITRANS 2 
STORAGE 
( 
  INITIAL 65536 
  NEXT 1048576 
  MINEXTENTS 1 
  MAXEXTENTS 2147483645 
  BUFFER_POOL DEFAULT 
)
-- No se ha podido presentar el DDL INDEX para el objeto HECTOR.SYS_C0029173 mientras que DBMS_METADATA intenta utilizar el generador interno.
CREATE INDEX HECTOR.SYS_C0029173 ON ()
-- No se ha podido presentar el DDL INDEX para el objeto HECTOR.PK_PEDIDO mientras que DBMS_METADATA intenta utilizar el generador interno.
CREATE UNIQUE INDEX HECTOR.PK_PEDIDO ON HECTOR.PEDIDOS (CODIGO) 
LOGGING 
TABLESPACE "ESPACIOUHECTOR" 
PCTFREE 10 
INITRANS 2 
STORAGE 
( 
  INITIAL 65536 
  NEXT 1048576 
  MINEXTENTS 1 
  MAXEXTENTS 2147483645 
  BUFFER_POOL DEFAULT 
)
-- No se ha podido presentar el DDL INDEX para el objeto HECTOR.PK_PLATO mientras que DBMS_METADATA intenta utilizar el generador interno.
CREATE UNIQUE INDEX HECTOR.PK_PLATO ON HECTOR.PLATOS (RESTAURANTE, NOMBREPLATO) 
LOGGING 
TABLESPACE "ESPACIOUHECTOR" 
PCTFREE 10 
INITRANS 2 
STORAGE 
( 
  INITIAL 65536 
  NEXT 1048576 
  MINEXTENTS 1 
  MAXEXTENTS 2147483645 
  BUFFER_POOL DEFAULT 
)
-- No se ha podido presentar el DDL INDEX para el objeto HECTOR.I_CATPLATOS mientras que DBMS_METADATA intenta utilizar el generador interno.
CREATE INDEX HECTOR.I_CATPLATOS ON HECTOR.PLATOS (CATEGORIA ASC) 
LOGGING 
TABLESPACE "ESPACIOUHECTOR" 
PCTFREE 10 
INITRANS 2 
STORAGE 
( 
  INITIAL 65536 
  NEXT 1048576 
  MINEXTENTS 1 
  MAXEXTENTS 2147483645 
  BUFFER_POOL DEFAULT 
)
-- No se ha podido presentar el DDL INDEX para el objeto HECTOR.SYS_C0029188 mientras que DBMS_METADATA intenta utilizar el generador interno.
CREATE INDEX HECTOR.SYS_C0029188 ON ()
-- No se ha podido presentar el DDL INDEX para el objeto HECTOR.PK_RESTAURANTE mientras que DBMS_METADATA intenta utilizar el generador interno.
CREATE UNIQUE INDEX HECTOR.PK_RESTAURANTE ON HECTOR.RESTAURANTES (CODIGO) 
LOGGING 
TABLESPACE "ESPACIOUHECTOR" 
PCTFREE 10 
INITRANS 2 
STORAGE 
( 
  INITIAL 65536 
  NEXT 1048576 
  MINEXTENTS 1 
  MAXEXTENTS 2147483645 
  BUFFER_POOL DEFAULT 
)
-- No se ha podido presentar el DDL INDEX para el objeto HECTOR.PK_SECRETO mientras que DBMS_METADATA intenta utilizar el generador interno.
CREATE UNIQUE INDEX HECTOR.PK_SECRETO ON HECTOR.SECRETO (DNI, NUMEROORDEN) 
LOGGING 
TABLESPACE "ESPACIOUHECTOR" 
PCTFREE 10 
INITRANS 2 
STORAGE 
( 
  BUFFER_POOL DEFAULT 
)
-- No se ha podido presentar el DDL INDEX para el objeto HECTOR.SYS_C0029182 mientras que DBMS_METADATA intenta utilizar el generador interno.
CREATE INDEX HECTOR.SYS_C0029182 ON ()
-- No se ha podido presentar el DDL INDEX para el objeto HECTOR.SYS_C0029192 mientras que DBMS_METADATA intenta utilizar el generador interno.
CREATE INDEX HECTOR.SYS_C0029192 ON ()
-- No se ha podido presentar el DDL INDEX para el objeto HECTOR.SYS_C0022277 mientras que DBMS_METADATA intenta utilizar el generador interno.
CREATE INDEX HECTOR.SYS_C0022277 ON ()
